<?xml version="1.0"?>
<!DOCTYPE refentry PUBLIC "-//OASIS//DTD DocBook XML V4.1.2//EN" 
               "http://www.oasis-open.org/docbook/xml/4.1.2/docbookx.dtd">
<refentry id="libucil-ucil-version">
<refmeta>
<refentrytitle role="top_of_page" id="libucil-ucil-version.top_of_page">ucil_version</refentrytitle>
<manvolnum>3</manvolnum>
<refmiscinfo>LIBUCIL Library</refmiscinfo>
</refmeta>

<refnamediv>
<refname>ucil_version</refname>
<refpurpose></refpurpose>
<!--[<xref linkend="desc" endterm="desc.title"/>]-->
</refnamediv>

<refsynopsisdiv id="libucil-ucil-version.synopsis" role="synopsis">
<title role="synopsis.title">Synopsis</title>

<synopsis>
#define             <link linkend="UCIL-MAJOR-VERSION:CAPS">UCIL_MAJOR_VERSION</link>
#define             <link linkend="UCIL-MINOR-VERSION:CAPS">UCIL_MINOR_VERSION</link>
#define             <link linkend="UCIL-MICRO-VERSION:CAPS">UCIL_MICRO_VERSION</link>
extern              const unsigned int <link linkend="ucil-major-version">ucil_major_version</link>;
extern              const unsigned int <link linkend="ucil-minor-version">ucil_minor_version</link>;
extern              const unsigned int <link linkend="ucil-micro-version">ucil_micro_version</link>;
</synopsis>
</refsynopsisdiv>









<refsect1 id="libucil-ucil-version.description" role="desc">
<title role="desc.title">Description</title>
<para>

</para>
</refsect1>

<refsect1 id="libucil-ucil-version.details" role="details">
<title role="details.title">Details</title>
<refsect2 id="UCIL-MAJOR-VERSION:CAPS" role="macro">
<title>UCIL_MAJOR_VERSION</title>
<indexterm zone="UCIL-MAJOR-VERSION:CAPS"><primary>UCIL_MAJOR_VERSION</primary></indexterm><programlisting>#define UCIL_MAJOR_VERSION 0
</programlisting>
<para>

</para></refsect2>
<refsect2 id="UCIL-MINOR-VERSION:CAPS" role="macro">
<title>UCIL_MINOR_VERSION</title>
<indexterm zone="UCIL-MINOR-VERSION:CAPS"><primary>UCIL_MINOR_VERSION</primary></indexterm><programlisting>#define UCIL_MINOR_VERSION 9
</programlisting>
<para>

</para></refsect2>
<refsect2 id="UCIL-MICRO-VERSION:CAPS" role="macro">
<title>UCIL_MICRO_VERSION</title>
<indexterm zone="UCIL-MICRO-VERSION:CAPS"><primary>UCIL_MICRO_VERSION</primary></indexterm><programlisting>#define UCIL_MICRO_VERSION 5
</programlisting>
<para>

</para></refsect2>
<refsect2 id="ucil-major-version" role="variable">
<title>ucil_major_version</title>
<indexterm zone="ucil-major-version"><primary>ucil_major_version</primary></indexterm><programlisting>extern const unsigned int ucil_major_version;
</programlisting>
<para>

</para></refsect2>
<refsect2 id="ucil-minor-version" role="variable">
<title>ucil_minor_version</title>
<indexterm zone="ucil-minor-version"><primary>ucil_minor_version</primary></indexterm><programlisting>extern const unsigned int ucil_minor_version;
</programlisting>
<para>

</para></refsect2>
<refsect2 id="ucil-micro-version" role="variable">
<title>ucil_micro_version</title>
<indexterm zone="ucil-micro-version"><primary>ucil_micro_version</primary></indexterm><programlisting>extern const unsigned int ucil_micro_version;
</programlisting>
<para>

</para></refsect2>

</refsect1>




</refentry>
