<?xml version="1.0"?>
<!DOCTYPE refentry PUBLIC "-//OASIS//DTD DocBook XML V4.1.2//EN" 
               "http://www.oasis-open.org/docbook/xml/4.1.2/docbookx.dtd">
<refentry id="libucil-ucil-theora">
<refmeta>
<refentrytitle role="top_of_page" id="libucil-ucil-theora.top_of_page">ucil_theora</refentrytitle>
<manvolnum>3</manvolnum>
<refmiscinfo>LIBUCIL Library</refmiscinfo>
</refmeta>

<refnamediv>
<refname>ucil_theora</refname>
<refpurpose></refpurpose>
<!--[<xref linkend="desc" endterm="desc.title"/>]-->
</refnamediv>

<refsynopsisdiv id="libucil-ucil-theora.synopsis" role="synopsis">
<title role="synopsis.title">Synopsis</title>

<synopsis>
struct              <link linkend="ucil-theora-video-file-object">ucil_theora_video_file_object</link>;
typedef             <link linkend="ucil-theora-video-file-object-t">ucil_theora_video_file_object_t</link>;
struct              <link linkend="ucil-theora-input-file-object">ucil_theora_input_file_object</link>;
typedef             <link linkend="ucil-theora-input-file-object-t">ucil_theora_input_file_object_t</link>;
<link linkend="ucil-theora-video-file-object-t">ucil_theora_video_file_object_t</link>* <link linkend="ucil-theora-create-video-file">ucil_theora_create_video_file</link>
                                                        (const <link linkend="char">char</link> *path,
                                                         <link linkend="unicap-format-t">unicap_format_t</link> *format,
                                                         <link linkend="va-list">va_list</link> ap);
</synopsis>
</refsynopsisdiv>









<refsect1 id="libucil-ucil-theora.description" role="desc">
<title role="desc.title">Description</title>
<para>

</para>
</refsect1>

<refsect1 id="libucil-ucil-theora.details" role="details">
<title role="details.title">Details</title>
<refsect2 id="ucil-theora-video-file-object" role="struct">
<title>struct ucil_theora_video_file_object</title>
<indexterm zone="ucil-theora-video-file-object"><primary>ucil_theora_video_file_object</primary></indexterm><programlisting>struct ucil_theora_video_file_object {
      ogg_stream_state os;
      theora_info ti;
      theora_state th;
      FILE *f;

      int blocking_mode;

      int downsize;

      unicap_format_t format;
      
      int fill_frames;
      unsigned long long frame_interval;
      struct timeval last_frame_time;
      struct timeval recording_start_time;
      int frame_count;
      ogg_packet op;

      pthread_t encoder_thread;
      int quit_thread;
      struct _unicap_queue *full_queue;
      struct _unicap_queue *empty_queue;
      struct _unicap_queue *last_frame;

      unicap_new_frame_callback_t encode_frame_cb;
      void *encode_frame_cb_data;

      vorbis_info      vi;
      vorbis_dsp_state vd;
      ogg_stream_state vo;
      vorbis_block     vb;
      
      
      int          audio;
      void        *audio_data;
      char         audio_card[64];
      unsigned int audio_rate;
      int          vorbis_bitrate;
      unsigned int total_samples;
      int          async_audio_encoding;
      FILE        *audiof;

      int nocopy;

      sem_t sema;      

      int requires_resizing_frames;
};
</programlisting>
<para>

</para></refsect2>
<refsect2 id="ucil-theora-video-file-object-t" role="typedef">
<title>ucil_theora_video_file_object_t</title>
<indexterm zone="ucil-theora-video-file-object-t"><primary>ucil_theora_video_file_object_t</primary></indexterm><programlisting>typedef struct _ucil_theora_video_file_object ucil_theora_video_file_object_t;
</programlisting>
<para>

</para></refsect2>
<refsect2 id="ucil-theora-input-file-object" role="struct">
<title>struct ucil_theora_input_file_object</title>
<indexterm zone="ucil-theora-input-file-object"><primary>ucil_theora_input_file_object</primary></indexterm><programlisting>struct ucil_theora_input_file_object {
      FILE *f;
      ogg_sync_state oy;
      ogg_stream_state os;
      theora_state th;
      theora_info ti;
      
      pthread_t worker_thread;

      int quit_capture_thread;
      int frame_intervall;

      unicap_format_t format;      
      unicap_event_callback_t event_callback;
      unicap_handle_t         event_unicap_handle;

      struct _unicap_queue *in_queue;
      struct _unicap_queue *out_queue;

      sem_t sema;      
};
</programlisting>
<para>

</para></refsect2>
<refsect2 id="ucil-theora-input-file-object-t" role="typedef">
<title>ucil_theora_input_file_object_t</title>
<indexterm zone="ucil-theora-input-file-object-t"><primary>ucil_theora_input_file_object_t</primary></indexterm><programlisting>typedef struct _ucil_theora_input_file_object ucil_theora_input_file_object_t;
</programlisting>
<para>

</para></refsect2>
<refsect2 id="ucil-theora-create-video-file" role="function">
<title>ucil_theora_create_video_file ()</title>
<indexterm zone="ucil-theora-create-video-file"><primary>ucil_theora_create_video_file</primary></indexterm><programlisting><link linkend="ucil-theora-video-file-object-t">ucil_theora_video_file_object_t</link>* ucil_theora_create_video_file
                                                        (const <link linkend="char">char</link> *path,
                                                         <link linkend="unicap-format-t">unicap_format_t</link> *format,
                                                         <link linkend="va-list">va_list</link> ap);</programlisting>
<para>

</para><variablelist role="params">
<varlistentry><term><parameter>path</parameter>&nbsp;:</term>
<listitem><simpara>
</simpara></listitem></varlistentry>
<varlistentry><term><parameter>format</parameter>&nbsp;:</term>
<listitem><simpara>
</simpara></listitem></varlistentry>
<varlistentry><term><parameter>ap</parameter>&nbsp;:</term>
<listitem><simpara>
</simpara></listitem></varlistentry>
<varlistentry><term><emphasis>Returns</emphasis>&nbsp;:</term><listitem><simpara>


</simpara></listitem></varlistentry>
</variablelist></refsect2>

</refsect1>




</refentry>
