<?xml version="1.0"?>
<!DOCTYPE refentry PUBLIC "-//OASIS//DTD DocBook XML V4.1.2//EN" 
               "http://www.oasis-open.org/docbook/xml/4.1.2/docbookx.dtd">
<refentry id="libucil-yuvops">
<refmeta>
<refentrytitle role="top_of_page" id="libucil-yuvops.top_of_page">yuvops</refentrytitle>
<manvolnum>3</manvolnum>
<refmiscinfo>LIBUCIL Library</refmiscinfo>
</refmeta>

<refnamediv>
<refname>yuvops</refname>
<refpurpose></refpurpose>
<!--[<xref linkend="desc" endterm="desc.title"/>]-->
</refnamediv>

<refsynopsisdiv id="libucil-yuvops.synopsis" role="synopsis">
<title role="synopsis.title">Synopsis</title>

<synopsis>
<link linkend="void">void</link>                <link linkend="ucil-blend-uyvy-a">ucil_blend_uyvy_a</link>                   (<link linkend="unicap-data-buffer-t">unicap_data_buffer_t</link> *dest,
                                                         <link linkend="unicap-data-buffer-t">unicap_data_buffer_t</link> *img1,
                                                         <link linkend="unicap-data-buffer-t">unicap_data_buffer_t</link> *img2,
                                                         <link linkend="int">int</link> alpha);
<link linkend="void">void</link>                <link linkend="ucil-fill-uyvy">ucil_fill_uyvy</link>                      (<link linkend="unicap-data-buffer-t">unicap_data_buffer_t</link> *buffer,
                                                         <link linkend="ucil-color-t">ucil_color_t</link> *color);
</synopsis>
</refsynopsisdiv>









<refsect1 id="libucil-yuvops.description" role="desc">
<title role="desc.title">Description</title>
<para>

</para>
</refsect1>

<refsect1 id="libucil-yuvops.details" role="details">
<title role="details.title">Details</title>
<refsect2 id="ucil-blend-uyvy-a" role="function">
<title>ucil_blend_uyvy_a ()</title>
<indexterm zone="ucil-blend-uyvy-a"><primary>ucil_blend_uyvy_a</primary></indexterm><programlisting><link linkend="void">void</link>                ucil_blend_uyvy_a                   (<link linkend="unicap-data-buffer-t">unicap_data_buffer_t</link> *dest,
                                                         <link linkend="unicap-data-buffer-t">unicap_data_buffer_t</link> *img1,
                                                         <link linkend="unicap-data-buffer-t">unicap_data_buffer_t</link> *img2,
                                                         <link linkend="int">int</link> alpha);</programlisting>
<para>

</para><variablelist role="params">
<varlistentry><term><parameter>dest</parameter>&nbsp;:</term>
<listitem><simpara>
</simpara></listitem></varlistentry>
<varlistentry><term><parameter>img1</parameter>&nbsp;:</term>
<listitem><simpara>
</simpara></listitem></varlistentry>
<varlistentry><term><parameter>img2</parameter>&nbsp;:</term>
<listitem><simpara>
</simpara></listitem></varlistentry>
<varlistentry><term><parameter>alpha</parameter>&nbsp;:</term>
<listitem><simpara>


</simpara></listitem></varlistentry>
</variablelist></refsect2>
<refsect2 id="ucil-fill-uyvy" role="function">
<title>ucil_fill_uyvy ()</title>
<indexterm zone="ucil-fill-uyvy"><primary>ucil_fill_uyvy</primary></indexterm><programlisting><link linkend="void">void</link>                ucil_fill_uyvy                      (<link linkend="unicap-data-buffer-t">unicap_data_buffer_t</link> *buffer,
                                                         <link linkend="ucil-color-t">ucil_color_t</link> *color);</programlisting>
<para>

</para><variablelist role="params">
<varlistentry><term><parameter>buffer</parameter>&nbsp;:</term>
<listitem><simpara>
</simpara></listitem></varlistentry>
<varlistentry><term><parameter>color</parameter>&nbsp;:</term>
<listitem><simpara>


</simpara></listitem></varlistentry>
</variablelist></refsect2>

</refsect1>




</refentry>
