<api-page>
  <function>
    <function-synopsis>
      <prototype>
	<return-value>
	  unicap_status_t
	</return-value>
	<function-name>unicap_reenumerate_properties</function-name>
	<parameter>
	  <parameter-name>
	    handle
	  </parameter-name>
	  <parameter-type>
	    unicap_handle_t
	  </parameter-type>
	</parameter>
	<parameter>
	  <parameter-name>
	    count
	  </parameter-name>
	  <parameter-type>
	    int *
	  </parameter-type>
	</parameter>
      </prototype>
    </function-synopsis>
    
    <function-description>
      Updates the list of available properties. 
    </function-description>
    
    <function-parameters>
      <parameter-description>
	<parameter-name>
	  handle
	</parameter-name>
	<parameter-text>
	</parameter-text>
      </parameter-description>
      <parameter-description>
	<parameter-name>
	  count
	</parameter-name>
	<parameter-text>
	  Location to store new count of elements in the property list
	</parameter-text>
      </parameter-description>
      <return-value>
      </return-value>
    </function-parameters>
  </function>
</api-page>