<api-page>
  <function>
    <function-synopsis>
      <prototype>
	<return-value>
	  unicap_status_t
	</return-value>
	<function-name>unicap_reenumerate_formats</function-name>
	<parameter>
	  <parameter-name>
	    handle
	  </parameter-name>
	  <parameter-type>
	    unicap_handle_t
	  </parameter-type>
	</parameter>
	<parameter>
	  <parameter-name>
	    count
	  </parameter-name>
	  <parameter-type>
	    int *
	  </parameter-type>
	</parameter>
      </prototype>
    </function-synopsis>
    
    <function-description>
      Asks the plugin to update the list of supported video formats. This might be neccessary when a property change 
      affects the list of video formats, for example when changing the video norm of a frame grabber from NTSC to PAL. 
    </function-description>
    
    <function-parameters>
      <parameter-description>
	<parameter-name>
	  handle
	</parameter-name>
	<parameter-text>
	</parameter-text>
      </parameter-description>
      <parameter-description>
	<parameter-name>
	  count
	</parameter-name>
	<parameter-text>
	  The new number of video formats that could be queried by unicap_enumerate_formats
	</parameter-text>
      </parameter-description>
      <return-value>
      </return-value>
    </function-parameters>
  </function>
</api-page>