<api-page>
  <title>new_by_name</title>
  <function>
    <function-synopsis>
      <prototype>
	<return-value>
	</return-value>
	<function-name>unicapgtk_video_display_new_by_name</function-name>
	<parameter>
	  <parameter-name>
	  </parameter-name>
	  <parameter-type>
	    unicap_device_t *device
	  </parameter-type>
	</parameter>
      </prototype>
    </function-synopsis>
    
    <function-description>
    </function-description>
    
    <function-parameters>
      <parameter-description>
	<parameter-name>
	</parameter-name>
	<parameter-text>
	</parameter-text>
      </parameter-description>
      <return-value>
      </return-value>
    </function-parameters>
  </function>
</api-page>