<api-page>
  <title>redraw</title>
  <function>
    <function-synopsis>
      <prototype>
	<return-value>
	  void
	</return-value>
	<function-name>unicapgtk_device_property_redraw</function-name>
	<parameter>
	  <parameter-name>
	    ugtk
	  </parameter-name>
	  <parameter-type>
	    UnicapgtkDeviceProperty *
	  </parameter-type>
	</parameter>
      </prototype>
    </function-synopsis>
    
    <function-description>
      Used internally, do not use outside of libunicapgtk! See <api-link>unicapgtk_device_property_update</api-link>
    </function-description>
    
    <function-parameters>
      <parameter-description>
	<parameter-name>
	  ugtk
	</parameter-name>
	<parameter-text>
	</parameter-text>
      </parameter-description>
      <return-value>
      </return-value>
    </function-parameters>
  </function>
</api-page>