<api-page>
  <function>
    <function-synopsis>
      <prototype>
	<return-value>
	  unicap_status_t
	</return-value>
	<function-name>unicap_enumerate_formats</function-name>
	<parameter>
	  <parameter-name>
	    handle
	  </parameter-name>
	  <parameter-type>
	    unicap_handle_t
	  </parameter-type>
	</parameter>
	<parameter>
	  <parameter-name>
	    specifier
	  </parameter-name>
	  <parameter-type>
	    unicap_format_t *
	  </parameter-type>
	</parameter>
	<parameter>
	  <parameter-name>
	    format
	  </parameter-name>
	  <parameter-type>
	    unicap_format_t *
	  </parameter-type>
	</parameter>
	<parameter>
	  <parameter-name>
	    index
	  </parameter-name>
	  <parameter-type>
	    int
	  </parameter-type>
	</parameter>
      </prototype>
    </function-synopsis>
    
    <function-description>
      Enumerates the formats currently available on the device.
    </function-description>
    
    <function-parameters>
      <parameter-description>
	<parameter-name>
	  handle
	</parameter-name>
	<parameter-text>
	</parameter-text>
      </parameter-description>
      <parameter-description>
	<parameter-name>
	  specifier
	</parameter-name>
	<parameter-text>
	  Specifies which formats should be returned by the function. Might be NULL which means that all formats 
	  are enumerated.
	</parameter-text>
      </parameter-description>
      <parameter-description>
	<parameter-name>
	  format
	</parameter-name>
	<parameter-text>
	  Location to store the format
	</parameter-text>
      </parameter-description>
      <parameter-description>
	<parameter-name>
	  index
	</parameter-name>
	<parameter-text>
	</parameter-text>
      </parameter-description>
      <return-value>
      </return-value>
    </function-parameters>
  </function>
</api-page>