<api-page>
  <function>
    <function-synopsis>
      <prototype>
	<return-value>
	  unicap_handle_t
	</return-value>
	<function-name>unicap_clone_handle</function-name>
	<parameter>
	  <parameter-name>
	    handle
	  </parameter-name>
	  <parameter-type>
	    unicap_handle_t
	  </parameter-type>
	</parameter>
      </prototype>
    </function-synopsis>
    
    <function-description>
      Returns a new copy of the handle. The reference count for the handle is incremented by 1.
    </function-description>
    
    <function-parameters>
      <parameter-description>
	<parameter-name>
	  handle
	</parameter-name>
	<parameter-text>
	</parameter-text>
      </parameter-description>
      <return-value>
	copy of handle
      </return-value>
    </function-parameters>
  </function>
</api-page>