<api-page>
  <title>new</title>
  <function>
    <function-synopsis>
      <prototype>
	<return-value>
	  GtkWidget *
	</return-value>
	<function-name>unicapgtk_device_property_new</function-name>
	<parameter>
	  <parameter-name>
	    device
	  </parameter-name>
	  <parameter-type>
	    unicap_device_t *
	  </parameter-type>
	</parameter>
	<parameter>
	  <parameter-name>
	    property
	  </parameter-name>
	  <parameter-type>
	    unicap_property_t *
	  </parameter-type>
	</parameter>
      </prototype>
    </function-synopsis>
    
    <function-description>
      Creates a new <api-link>UnicapgtkDeviceProperty</api-link> widget. Obsolete! Use 
      <api-link>unicapgtk_device_property_new_by_handle</api-link> instead.
    </function-description>
    
    <function-parameters>
      <parameter-description>
	<parameter-name>
	  device
	</parameter-name>
	<parameter-text>
	</parameter-text>
      </parameter-description>
      <parameter-description>
	<parameter-name>
	  property
	</parameter-name>
	<parameter-text>
	</parameter-text>
      </parameter-description>
      <return-value>
      </return-value>
    </function-parameters>
  </function>
</api-page>