<api-page>
  <title>set_still_image</title>
  <function>
    <function-synopsis>
      <prototype>
	<return-value>
	  void
	</return-value>
	<function-name>unicapgtk_video_display_set_still_image</function-name>
	<parameter>
	  <parameter-name>
	    ugtk
	  </parameter-name>
	  <parameter-type>
	    UnicapgtkVideoDisplay
	  </parameter-type>
	</parameter>
	<parameter>
	  <parameter-name>
	    buffer
	  </parameter-name>
	  <parameter-type>
	    unicapgtk_data_buffer *
	  </parameter-type>
	</parameter>
      </prototype>
    </function-synopsis>
    
    <function-description>
    </function-description>
    
    <function-parameters>
      <parameter-description>
	<parameter-name>
	  ugtk
	</parameter-name>
	<parameter-text>
	</parameter-text>
      </parameter-description>
      <parameter-description>
	<parameter-name>
	  buffer
	</parameter-name>
	<parameter-text>
	</parameter-text>
      </parameter-description>
      <return-value>
      </return-value>
    </function-parameters>
  </function>
</api-page>