<api-page>
  <function>
    <function-synopsis>
      <prototype>
	<return-value>
	  unicap_status_t
	</return-value>
	<function-name>unicap_wait_buffer</function-name>
	<parameter>
	  <parameter-name>
	    handle
	  </parameter-name>
	  <parameter-type>
	  </parameter-type>
	</parameter>
	<parameter>
	  <parameter-name>
	    buffer
	  </parameter-name>
	  <parameter-type>
	    unicap_data_buffer_t **
	  </parameter-type>
	</parameter>
      </prototype>
    </function-synopsis>
    
    <function-description>
      Returns a buffer from the queue of captured images. If no buffer is available, this function will block until 
      a buffer got filled by the capture device. 
    </function-description>
    
    <function-parameters>
      <parameter-description>
	<parameter-name>
	  handle
	</parameter-name>
	<parameter-text>
	</parameter-text>
      </parameter-description>
      <parameter-description>
	<parameter-name>
	  buffer
	</parameter-name>
	<parameter-text>
	  Location where the pointer to the finished buffer will be stored. 
	</parameter-text>
      </parameter-description>
      <return-value>
      </return-value>
    </function-parameters>
  </function>
</api-page>