<api-page>
  <function>
    <function-synopsis>
      <prototype>
	<return-value>
	</return-value>
	<function-name>unicap_get_device</function-name>
	<parameter>
	  <parameter-name>
	    handle
	  </parameter-name>
	  <parameter-type>
	    unicap_handle_t
	  </parameter-type>
	</parameter>
	<parameter>
	  <parameter-name>
	    device
	  </parameter-name>
	  <parameter-type>
	    unicap_device_t *
	  </parameter-type>
	</parameter>
      </prototype>
    </function-synopsis>
    
    <function-description>
      Returns the device associated with the handle
    </function-description>
    
    <function-parameters>
      <parameter-description>
	<parameter-name>
	  handle
	</parameter-name>
	<parameter-text>
	</parameter-text>
      </parameter-description>
      <parameter-description>
	<parameter-name>
	  device
	</parameter-name>
	<parameter-text>
	  Location to store the device
	</parameter-text>
      </parameter-description>
      <return-value>
      </return-value>
    </function-parameters>
  </function>
</api-page>