<?xml version="1.0"?>
<!DOCTYPE refentry PUBLIC "-//OASIS//DTD DocBook XML V4.1.2//EN" 
               "http://www.oasis-open.org/docbook/xml/4.1.2/docbookx.dtd">
<refentry id="libunicapgtk-unicapgtk-priv">
<refmeta>
<refentrytitle role="top_of_page" id="libunicapgtk-unicapgtk-priv.top_of_page">unicapgtk_priv</refentrytitle>
<manvolnum>3</manvolnum>
<refmiscinfo>LIBUNICAPGTK Library</refmiscinfo>
</refmeta>

<refnamediv>
<refname>unicapgtk_priv</refname>
<refpurpose></refpurpose>
<!--[<xref linkend="desc" endterm="desc.title"/>]-->
</refnamediv>

<refsynopsisdiv id="libunicapgtk-unicapgtk-priv.synopsis" role="synopsis">
<title role="synopsis.title">Synopsis</title>

<synopsis>
#define             <link linkend="KEYFILE-PATH:CAPS">KEYFILE_PATH</link>
</synopsis>
</refsynopsisdiv>









<refsect1 id="libunicapgtk-unicapgtk-priv.description" role="desc">
<title role="desc.title">Description</title>
<para>

</para>
</refsect1>

<refsect1 id="libunicapgtk-unicapgtk-priv.details" role="details">
<title role="details.title">Details</title>
<refsect2 id="KEYFILE-PATH:CAPS" role="macro">
<title>KEYFILE_PATH</title>
<indexterm zone="KEYFILE-PATH:CAPS"><primary>KEYFILE_PATH</primary></indexterm><programlisting>#define KEYFILE_PATH "/etc/unicap/unicapgtk.conf"
</programlisting>
<para>

</para></refsect2>

</refsect1>




</refentry>
