<?xml version="1.0"?>
<!DOCTYPE refentry PUBLIC "-//OASIS//DTD DocBook XML V4.1.2//EN" 
               "http://www.oasis-open.org/docbook/xml/4.1.2/docbookx.dtd">
<refentry id="libunicapgtk-unicapgtk-xv">
<refmeta>
<refentrytitle role="top_of_page" id="libunicapgtk-unicapgtk-xv.top_of_page">unicapgtk_xv</refentrytitle>
<manvolnum>3</manvolnum>
<refmiscinfo>LIBUNICAPGTK Library</refmiscinfo>
</refmeta>

<refnamediv>
<refname>unicapgtk_xv</refname>
<refpurpose></refpurpose>
<!--[<xref linkend="desc" endterm="desc.title"/>]-->
</refnamediv>

<refsynopsisdiv id="libunicapgtk-unicapgtk-xv.synopsis" role="synopsis">
<title role="synopsis.title">Synopsis</title>

<synopsis>
</synopsis>
</refsynopsisdiv>









<refsect1 id="libunicapgtk-unicapgtk-xv.description" role="desc">
<title role="desc.title">Description</title>
<para>

</para>
</refsect1>

<refsect1 id="libunicapgtk-unicapgtk-xv.details" role="details">
<title role="details.title">Details</title>

</refsect1>




</refentry>
